<?xml version="1.0" encoding="UTF-8" ?>
<module>
    <name>modulbank</name>
    <displayName><![CDATA[Оплата через Модульбанк]]></displayName>
    <version><![CDATA[1.0.0]]></version>
    <description><![CDATA[Модуль приема платежей через Модульбанк]]></description>
    <author><![CDATA[АО&nbsp;КБ&nbsp;&laquo;Модульбанк&raquo;]]></author>
    <tab><![CDATA[payments_gateways]]></tab>
    <is_configurable>1</is_configurable>
    <need_instance>0</need_instance>
	<limited_countries></limited_countries>
</module>